station_name,latitude,longitude,timestamp,free_bikes,empty_slots
Chilco & Barclay,49.291909,-123.140713,2025-05-13T06:28:19.789503+00:00Z,17,1
St George & Broadway,49.262321,-123.09306,2025-05-13T06:28:20.016492+00:00Z,4,9
Britannia Parking Lot,49.275882,-123.071865,2025-05-13T06:28:20.014847+00:00Z,1,12
Morton & Denman,49.28803,-123.142135,2025-05-13T06:28:19.634075+00:00Z,12,14
Thornton & National,49.273777,-123.092723,2025-05-13T06:28:20.014996+00:00Z,10,4
Burrard & 14th,49.259469,-123.145718,2025-05-13T06:28:19.956910+00:00Z,1,15
Olympic Village Station,49.266314,-123.116011,2025-05-13T06:28:19.588378+00:00Z,9,11
8th & Macdonald,49.264928,-123.168068,2025-05-13T06:28:20.221851+00:00Z,12,7
30th & Ontario,49.243375,-123.104978,2025-05-13T06:28:20.259825+00:00Z,3,19
Lakewood & Triumph,49.283968,-123.061615,2025-05-13T06:28:20.261154+00:00Z,7,8
13th & Cambie,49.259579,-123.114769,2025-05-13T06:28:20.163464+00:00Z,0,14
Arbutus & Nanton,49.247854,-123.153422,2025-05-13T06:28:20.222307+00:00Z,10,5
14th & Fraser,49.257939,-123.089531,2025-05-13T06:28:20.096616+00:00Z,5,9
15th & Victoria (Trout Lake),49.256857,-123.065646,2025-05-13T06:28:20.095857+00:00Z,5,13
Robson & Hornby,49.282758,-123.122092,2025-05-13T06:28:19.603160+00:00Z,0,19
Cardero & Robson,49.289255,-123.132677,2025-05-13T06:28:19.695590+00:00Z,11,14
1st & Scotia,49.2685027,-123.0975014,2025-05-13T06:28:19.940080+00:00Z,8,11
10th & Fraser,49.26151,-123.089413,2025-05-13T06:28:20.018005+00:00Z,4,10
Ontario & 5th,49.266724,-123.104824,2025-05-13T06:28:19.781095+00:00Z,9,10
Heather & 16th,49.256845,-123.120071,2025-05-13T06:28:19.885049+00:00Z,3,9
Richards & Smithe,49.279259,-123.119145,2025-05-13T06:28:19.741407+00:00Z,9,8
Robson & Beatty,49.277773,-123.114237,2025-05-13T06:28:19.632973+00:00Z,12,7
Maple Tree Square,49.283482,-123.103738,2025-05-13T06:28:19.589543+00:00Z,18,5
22nd & Main,49.25094,-123.101306,2025-05-13T06:28:20.260197+00:00Z,6,6
Carrall & Seawall,49.276294,-123.106534,2025-05-13T06:28:19.986953+00:00Z,5,12
Charles & Woodland,49.2731,-123.0732,2025-05-13T06:28:20.017079+00:00Z,13,1
1st & Manitoba,49.27023,-123.10651,2025-05-13T06:28:19.922309+00:00Z,11,17
St Catherines & 7th,49.264466,-123.085183,2025-05-13T06:28:20.021874+00:00Z,6,14
Triumph & Victoria,49.283986,-123.065264,2025-05-13T06:28:20.096223+00:00Z,9,8
18th & Main,49.254667,-123.101389,2025-05-13T06:28:20.017381+00:00Z,11,3
St Catherines & 10th,49.261353,-123.085333,2025-05-13T06:28:20.021682+00:00Z,0,0
Nelson & Richards,49.277844,-123.120942,2025-05-13T06:28:19.788423+00:00Z,7,9
Arbutus & 10th,49.262835,-123.152626,2025-05-13T06:28:19.787775+00:00Z,6,12
Comox & Denman,49.288444,-123.139203,2025-05-13T06:28:19.634386+00:00Z,9,9
Prince Edward & 14th,49.258352,-123.096337,2025-05-13T06:28:20.017701+00:00Z,4,10
Alexander & Railway,49.283992,-123.091206,2025-05-13T06:28:20.014537+00:00Z,16,4
Chilco & Beach,49.28972,-123.144028,2025-05-13T06:28:19.699262+00:00Z,14,0
Richards & Cordova,49.284554,-123.111031,2025-05-13T06:28:19.884527+00:00Z,5,5
Orchard Commons,49.259999,-123.250902,2025-05-13T06:28:20.262387+00:00Z,2,21
Strangway Building,49.2661,-123.24568,2025-05-13T06:28:20.263523+00:00Z,3,20
Yew & Broadway,49.263523,-123.155267,2025-05-13T06:28:20.222610+00:00Z,15,3
Woodland & 10th,49.261263,-123.073707,2025-05-13T06:28:20.016196+00:00Z,8,6
Ontario & 16th,49.256825,-123.105234,2025-05-13T06:28:19.885698+00:00Z,5,8
14th & Alder,49.258819,-123.131317,2025-05-13T06:28:19.957052+00:00Z,6,7
Chestnut & McNicoll,49.275938,-123.145939,2025-05-13T06:28:19.920140+00:00Z,4,11
Dunbar & 6th,49.266636,-123.183661,2025-05-13T06:28:20.220901+00:00Z,11,4
Stanley Park - Vancouver Aquarium,49.299292,-123.130281,2025-05-13T06:28:19.790307+00:00Z,5,12
Yaletown-Roundhouse Station,49.274566,-123.121817,2025-05-13T06:28:19.587453+00:00Z,2,13
Smithe & Burrard,49.282503,-123.124697,2025-05-13T06:28:19.957645+00:00Z,6,9
Abbott & Cordova,49.282759,-123.106955,2025-05-13T06:28:19.633801+00:00Z,19,2
Sasamat & 10th,49.264019,-123.209176,2025-05-13T06:28:20.261742+00:00Z,6,15
Vine & 4th,49.268339,-123.157443,2025-05-13T06:28:19.921208+00:00Z,2,15
10th & Ontario,49.262062,-123.104656,2025-05-13T06:28:19.922422+00:00Z,9,10
Pine & 10th,49.262822,-123.14338,2025-05-13T06:28:19.956331+00:00Z,12,7
Canada Place,49.28725,-123.11298,2025-05-13T06:28:19.589713+00:00Z,9,13
Wallace & 4th,49.268974,-123.190701,2025-05-13T06:28:20.172120+00:00Z,8,9
Denman & Bayshore,49.293264,-123.132861,2025-05-13T06:28:19.938611+00:00Z,8,14
Pacific & Richards,49.273663,-123.127075,2025-05-13T06:28:19.695757+00:00Z,13,0
7th &  Alder,49.265198,-123.131043,2025-05-13T06:28:19.939569+00:00Z,12,4
Jervis & Robson,49.286646,-123.129232,2025-05-13T06:28:20.163267+00:00Z,16,3
Heather & 18th,49.255034,-123.120226,2025-05-13T06:28:20.224787+00:00Z,4,12
14th & Oak,49.258761,-123.127071,2025-05-13T06:28:19.956034+00:00Z,1,13
Bute & Comox,49.283343,-123.131099,2025-05-13T06:28:19.700911+00:00Z,4,16
Comox & Broughton,49.285253,-123.134356,2025-05-13T06:28:19.700719+00:00Z,4,8
Station & Terminal,49.272172,-123.097978,2025-05-13T06:28:20.171828+00:00Z,8,10
Stanley Park - Third Beach Parking Lot,49.302577,-123.155616,2025-05-13T06:28:19.790569+00:00Z,9,29
Woodland & 4th,49.266751,-123.073501,2025-05-13T06:28:20.016785+00:00Z,8,6
8th & Ash,49.264215,-123.117772,2025-05-13T06:28:19.588730+00:00Z,1,15
Burrard & Drake,49.27808,-123.130557,2025-05-13T06:28:19.789367+00:00Z,18,5
10th & Kingsway,49.261973,-123.09725,2025-05-13T06:28:19.938801+00:00Z,0,19
Beach & Hornby,49.27551,-123.13307,2025-05-13T06:28:19.699065+00:00Z,4,18
10th & Oak,49.262255,-123.126217,2025-05-13T06:28:19.791644+00:00Z,0,20
Hawks & Union,49.277333,-123.087359,2025-05-13T06:28:19.987304+00:00Z,13,3
Marinaside & Cooperage,49.273833,-123.114373,2025-05-13T06:28:19.741270+00:00Z,13,13
Alberni & Jervis,49.28763,-123.127245,2025-05-13T06:28:19.956626+00:00Z,11,9
7th & Arbutus,49.265605,-123.152566,2025-05-13T06:28:19.791347+00:00Z,4,11
14th & Ontario,49.25849,-123.104799,2025-05-13T06:28:19.885214+00:00Z,13,2
King Edward & Cambie,49.249184,-123.116141,2025-05-13T06:28:20.225726+00:00Z,7,11
1st & Fir,49.270783,-123.141564,2025-05-13T06:28:20.171313+00:00Z,9,11
Arbutus & 16th,49.257654,-123.153212,2025-05-13T06:28:19.791816+00:00Z,9,31
War Memorial Gym,49.2665793,-123.2485487,2025-05-13T06:28:20.263327+00:00Z,3,22
28th & Willow,49.246243,-123.124373,2025-05-13T06:28:20.222805+00:00Z,8,10
Arbutus Greenway & Fir,49.266774,-123.141135,2025-05-13T06:28:19.920805+00:00Z,5,10
West Mall Swing Space Building,49.263073,-123.254307,2025-05-13T06:28:20.262196+00:00Z,16,4
McLean & Pender,49.280427,-123.074082,2025-05-13T06:28:20.013812+00:00Z,12,4
Bute & Barclay,49.284893,-123.128685,2025-05-13T06:28:20.162713+00:00Z,19,9
Balsam & Cornwall,49.273011,-123.159663,2025-05-13T06:28:20.222193+00:00Z,7,9
Hastings & Broughton,49.290112,-123.127062,2025-05-13T06:28:19.645519+00:00Z,19,3
Seymour & Cordova,49.28512,-123.11242,2025-05-13T06:28:20.163105+00:00Z,12,7
Alder & 11th,49.261742,-123.13148,2025-05-13T06:28:19.921566+00:00Z,7,6
10th & Columbia,49.262206,-123.109091,2025-05-13T06:28:19.922077+00:00Z,0,12
Heather & 14th,49.259183,-123.120126,2025-05-13T06:28:19.790954+00:00Z,10,6
Commercial & 20th,49.252656,-123.067965,2025-05-13T06:28:20.171492+00:00Z,5,15
Kitsilano Beach Park,49.273355,-123.154493,2025-05-13T06:28:19.920951+00:00Z,16,17
Rolston & Granville,49.274232,-123.129998,2025-05-13T06:28:20.168923+00:00Z,10,12
Cordova & Bute,49.289124,-123.12196,2025-05-13T06:28:19.634663+00:00Z,12,1
12th & Yukon (City Hall),49.260599,-123.113504,2025-05-13T06:28:19.588562+00:00Z,2,13
Blenheim & 4th,49.268837,-123.177633,2025-05-13T06:28:20.221184+00:00Z,13,7
Wylie & 2nd,49.267725,-123.11311,2025-05-13T06:28:19.887150+00:00Z,6,11
Thurlow & Pendrell,49.280881,-123.130672,2025-05-13T06:28:19.884711+00:00Z,8,7
14th & Cambie,49.258763,-123.115392,2025-05-13T06:28:19.772692+00:00Z,1,12
Granville & Georgia,49.282409,-123.118541,2025-05-13T06:28:19.589873+00:00Z,3,17
Grant & Commercial,49.271377,-123.069416,2025-05-13T06:28:20.015425+00:00Z,7,7
8th & Ontario,49.263837,-123.105173,2025-05-13T06:28:19.791092+00:00Z,7,9
Hornby & Nelson,49.28062,-123.12482,2025-05-13T06:28:19.645899+00:00Z,10,7
šxʷƛ̓ənəq Xwtl'e7énḵ Square - Vancouver Art Gallery,49.283227,-123.120523,2025-05-13T06:28:19.790171+00:00Z,1,25
Dunsmuir & Beatty,49.279764,-123.110154,2025-05-13T06:28:19.588176+00:00Z,18,7
Robson & Granville,49.281506,-123.120101,2025-05-13T06:28:19.741677+00:00Z,1,21
4th & Commercial,49.266969,-123.069936,2025-05-13T06:28:20.015737+00:00Z,1,13
8th & Scotia,49.263635,-123.099236,2025-05-13T06:28:19.956481+00:00Z,1,9
Homer & Robson (Vancouver Public Library),49.279739,-123.116251,2025-05-13T06:28:19.631446+00:00Z,7,13
7th & Granville,49.2653,-123.13811,2025-05-13T06:28:19.771975+00:00Z,0,14
Harwood & Bute,49.28026,-123.135244,2025-05-13T06:28:19.789239+00:00Z,5,11
Creekside Park North,49.2756,-123.102661,2025-05-13T06:28:19.920337+00:00Z,8,10
Nicola & Robson,49.2885056,-123.1312375,2025-05-13T06:28:19.789762+00:00Z,5,13
10th & Commercial,49.261403,-123.070102,2025-05-13T06:28:20.016047+00:00Z,13,11
10th & Cambie,49.262487,-123.114397,2025-05-13T06:28:19.587083+00:00Z,8,26
Quebec & 1st,49.27033,-123.10275,2025-05-13T06:28:19.922533+00:00Z,6,12
Lakewood & Oxford,49.285575,-123.061575,2025-05-13T06:28:20.260965+00:00Z,6,12
Carolina & Great Northern Way,49.267266,-123.090786,2025-05-13T06:28:20.141108+00:00Z,3,13
Columbia & 5th,49.266476,-123.109389,2025-05-13T06:28:19.921451+00:00Z,5,13
East Blvd & 37th,49.238105,-123.154966,2025-05-13T06:28:20.222431+00:00Z,3,16
Trafalgar & Cornwall,49.272969,-123.164325,2025-05-13T06:28:20.221969+00:00Z,8,12
5th & Arbutus,49.267222,-123.153157,2025-05-13T06:28:19.791479+00:00Z,5,11
Stanley Park - Information Booth,49.297933,-123.130758,2025-05-13T06:28:19.956768+00:00Z,12,7
14th & Main,49.258425,-123.100792,2025-05-13T06:28:19.885874+00:00Z,5,8
Georgia & Main,49.278529,-123.100017,2025-05-13T06:28:19.940383+00:00Z,9,10
Agronomy & East Mall,49.261736,-123.24648,2025-05-13T06:28:20.263140+00:00Z,4,13
Alma & Point Grey,49.27247,-123.185643,2025-05-13T06:28:20.220728+00:00Z,9,15
20th & Main,49.252691,-123.101289,2025-05-13T06:28:20.260005+00:00Z,1,15
Nelson & Mainland,49.276436,-123.11877,2025-05-13T06:28:19.788269+00:00Z,16,3
Point Grey & Blenheim,49.271471,-123.17731,2025-05-13T06:28:20.221324+00:00Z,10,3
Yukon & 6th,49.265939,-123.1129,2025-05-13T06:28:19.921820+00:00Z,2,16
Burrard & 7th,49.265336,-123.145823,2025-05-13T06:28:19.886676+00:00Z,1,15
14th & Granville,49.25894,-123.139272,2025-05-13T06:28:19.772540+00:00Z,6,7
Wall & Eton,49.287464,-123.060771,2025-05-13T06:28:20.260584+00:00Z,8,9
Beach & Cardero,49.283298,-123.142288,2025-05-13T06:28:19.886835+00:00Z,7,12
Cypress & 4th,49.268269,-123.147885,2025-05-13T06:28:19.787960+00:00Z,12,6
Bute & Robson,49.285836,-123.127265,2025-05-13T06:28:19.645723+00:00Z,0,0
Richards & Robson,49.280216,-123.117639,2025-05-13T06:28:19.884883+00:00Z,2,16
Glen & Union,49.277469,-123.081315,2025-05-13T06:28:19.987714+00:00Z,11,3
8th & Yukon,49.263962,-123.112621,2025-05-13T06:28:19.921681+00:00Z,7,17
1st & Chestnut,49.270721,-123.146175,2025-05-13T06:28:19.791219+00:00Z,11,14
10th & Main,49.262141,-123.101961,2025-05-13T06:28:19.781234+00:00Z,7,8
Georgia & Homer,49.280787,-123.115271,2025-05-13T06:28:20.162907+00:00Z,5,12
York & Yew,49.271741,-123.155421,2025-05-13T06:28:19.956186+00:00Z,16,2
Ontario & Seawall,49.271721,-123.104207,2025-05-13T06:28:19.589218+00:00Z,12,8
10th & Granville,49.262598,-123.138921,2025-05-13T06:28:19.772329+00:00Z,5,9
15th & Knight,49.256496,-123.075426,2025-05-13T06:28:20.096815+00:00Z,10,4
Ontario & 23rd,49.249722,-123.104991,2025-05-13T06:28:20.259622+00:00Z,4,8
Dunbar & Broadway,49.264579,-123.18373,2025-05-13T06:28:20.221048+00:00Z,16,10
Carrall & Hastings,49.28117,-123.104419,2025-05-13T06:28:19.790026+00:00Z,12,6
8th & Commercial,49.263242,-123.070521,2025-05-13T06:28:20.015884+00:00Z,4,16
Charleson Park,49.267628,-123.127698,2025-05-13T06:28:19.886993+00:00Z,10,3
Princess & Union,49.277615,-123.091654,2025-05-13T06:28:19.957482+00:00Z,8,4
3rd & Quebec,49.268216,-123.103168,2025-05-13T06:28:19.875801+00:00Z,13,1
Stanley Park - Second Beach South,49.294318,-123.148808,2025-05-13T06:28:19.790699+00:00Z,6,11
6th & Carolina,49.265213,-123.090785,2025-05-13T06:28:20.162508+00:00Z,7,9
UBC Bookstore,49.265207,-123.250139,2025-05-13T06:28:20.262953+00:00Z,5,7
Balaclava & Broadway,49.264483,-123.173926,2025-05-13T06:28:20.221589+00:00Z,5,13
Expo & Carrall,49.278004,-123.105664,2025-05-13T06:28:19.740985+00:00Z,8,8
Beach & Seymour,49.273568,-123.129935,2025-05-13T06:28:19.886199+00:00Z,16,2
27th & Main,49.247204,-123.101549,2025-05-13T06:28:20.260391+00:00Z,1,21
Stanley Park - Second Beach North,49.29534,-123.150433,2025-05-13T06:28:19.790439+00:00Z,3,12
Keith & 6th,49.265005,-123.079481,2025-05-13T06:28:20.015289+00:00Z,6,20
Jericho Beach,49.271221,-123.191133,2025-05-13T06:28:20.171983+00:00Z,18,8
Point Grey & Bayswater,49.271044,-123.170661,2025-05-13T06:28:20.221707+00:00Z,8,8
7th & Woodland,49.264251,-123.073853,2025-05-13T06:28:20.016638+00:00Z,3,9
Aquatic Centre,49.27821,-123.136972,2025-05-13T06:28:19.788841+00:00Z,23,17
Cordova & Granville,49.2856698,-123.1125432,2025-05-13T06:28:19.622983+00:00Z,10,8
Vanier Park,49.275717,-123.142564,2025-05-13T06:28:19.788118+00:00Z,10,17
Trafalgar & Broadway,49.264326,-123.164725,2025-05-13T06:28:20.222083+00:00Z,3,13
Napier & Commercial,49.274881,-123.069323,2025-05-13T06:28:20.014696+00:00Z,4,10
7th & Laurel,49.265071,-123.123864,2025-05-13T06:28:19.939404+00:00Z,7,7
Science World,49.273691,-123.102232,2025-05-13T06:28:19.939760+00:00Z,8,8
Pender & Victoria,49.280197,-123.065859,2025-05-13T06:28:20.022014+00:00Z,8,8
Cypress & 16th,49.25741,-123.148531,2025-05-13T06:28:19.792320+00:00Z,4,7
Spyglass & Seawall,49.270877,-123.115103,2025-05-13T06:28:19.588894+00:00Z,4,9
Keefer & Hawks,49.279235,-123.087528,2025-05-13T06:28:20.014174+00:00Z,6,10
29th & Cambie,49.245135,-123.116098,2025-05-13T06:28:20.225912+00:00Z,8,12
Victoria & 10th,49.261188,-123.066009,2025-05-13T06:28:20.047056+00:00Z,4,8
Commercial & Adanac,49.277436,-123.070427,2025-05-13T06:28:20.013438+00:00Z,9,7
Columbia & 14th,49.258902,-123.109596,2025-05-13T06:28:19.922759+00:00Z,5,8
Dunsmuir & Richards,49.282214,-123.114101,2025-05-13T06:28:19.589379+00:00Z,0,12
Campbell & Hastings,49.280852,-123.084746,2025-05-13T06:28:20.014016+00:00Z,13,1
Franklin & Nanaimo,49.282087,-123.056909,2025-05-13T06:28:20.261344+00:00Z,0,20
Charles & Commercial,49.273103,-123.069892,2025-05-13T06:28:20.015143+00:00Z,8,14
Beatty & Nelson,49.275679,-123.116963,2025-05-13T06:28:19.633232+00:00Z,9,4
Trimble & 8th,49.2658,-123.20596,2025-05-13T06:28:20.261534+00:00Z,4,16
David Lam Park,49.270905,-123.126006,2025-05-13T06:28:19.886039+00:00Z,10,5
Burrard & 4th,49.267859,-123.145782,2025-05-13T06:28:19.886518+00:00Z,7,9
Cypress & Cornwall,49.272827,-123.147744,2025-05-13T06:28:19.742030+00:00Z,19,3
Keefer & Princess,49.279369,-123.091241,2025-05-13T06:28:20.014327+00:00Z,4,8
Bidwell & Burnaby,49.28526,-123.141809,2025-05-13T06:28:19.741542+00:00Z,19,5
11th & Kingsway,49.261122,-123.097571,2025-05-13T06:28:19.922646+00:00Z,1,13
Pender & Burrard,49.287097,-123.118551,2025-05-13T06:28:19.590027+00:00Z,6,20
Columbia & 1st,49.269969,-123.109623,2025-05-13T06:28:19.922194+00:00Z,15,8
Melville & Bute,49.287782,-123.12395,2025-05-13T06:28:19.939256+00:00Z,10,4
Anderson & 2nd,49.269361,-123.13782,2025-05-13T06:28:19.742405+00:00Z,15,12
5th & Main,49.266456,-123.100324,2025-05-13T06:28:19.940231+00:00Z,14,6
Alexander & Dunlevy,49.284062,-123.095097,2025-05-13T06:28:19.921331+00:00Z,6,8
13th & St George,49.258817,-123.092797,2025-05-13T06:28:20.017856+00:00Z,3,13
Commercial & Pandora,49.283236,-123.070443,2025-05-13T06:28:20.140770+00:00Z,4,12
Grandview & Commercial,49.263746,-123.069892,2025-05-13T06:28:20.017233+00:00Z,7,9
Expo & Smithe,49.276115,-123.114496,2025-05-13T06:28:19.741836+00:00Z,8,6
Cypress & 14th,49.25919,-123.148268,2025-05-13T06:28:19.791956+00:00Z,7,5
Brock Commons,49.269172,-123.25279,2025-05-13T06:28:20.262575+00:00Z,12,8
Beach & Broughton,49.281301,-123.139108,2025-05-13T06:28:19.788971+00:00Z,14,8
Arbutus Greenway & 14th,49.258924,-123.152591,2025-05-13T06:28:19.920654+00:00Z,3,17
Alexander & Main,49.284157,-123.099917,2025-05-13T06:28:19.920503+00:00Z,11,8
Hornby & Drake,49.277178,-123.13,2025-05-13T06:28:19.939926+00:00Z,7,16
Highbury & 8th,49.265442,-123.187738,2025-05-13T06:28:20.220497+00:00Z,9,10
Pharmaceutical Sciences,49.26262,-123.2431,2025-05-13T06:28:20.263764+00:00Z,8,13
Haro & Denman,49.290587,-123.13625,2025-05-13T06:28:19.884305+00:00Z,19,0
Windsor & 14th,49.257985,-123.083366,2025-05-13T06:28:20.096430+00:00Z,8,6
Prince Edward & 16th,49.256694,-123.096579,2025-05-13T06:28:20.017542+00:00Z,1,13
Cardero & Davie,49.285512,-123.1384,2025-05-13T06:28:19.695385+00:00Z,10,8
Stamps Landing,49.26893,-123.11813,2025-05-13T06:28:19.589057+00:00Z,12,1
Marinaside & Davie,49.273471,-123.118016,2025-05-13T06:28:19.597237+00:00Z,16,6
Adanac & McLean,49.277665,-123.073653,2025-05-13T06:28:19.988074+00:00Z,17,3
Bute & Davie,49.282055,-123.133045,2025-05-13T06:28:19.938964+00:00Z,11,5
Victoria & 4th,49.266725,-123.065925,2025-05-13T06:28:20.046815+00:00Z,12,4
Heather & 29th,49.245535,-123.120496,2025-05-13T06:28:20.225555+00:00Z,0,22
McNicoll & Arbutus,49.276292,-123.150592,2025-05-13T06:28:19.921077+00:00Z,13,17
IK Barber Learning Centre,49.267561,-123.252261,2025-05-13T06:28:20.262764+00:00Z,1,19
Granville Island,49.27029,-123.135025,2025-05-13T06:28:19.939115+00:00Z,6,25
6th & Prince Edward,49.265242,-123.095577,2025-05-13T06:28:20.141331+00:00Z,5,11
Broughton & Davie,49.283749,-123.136133,2025-05-13T06:28:19.789103+00:00Z,3,16
Adanac & Lakewood,49.27751,-123.061429,2025-05-13T06:28:20.260776+00:00Z,3,17
Cypress & 10th,49.262944,-123.148109,2025-05-13T06:28:19.746778+00:00Z,8,6
Thunderbird Parkade,49.261655,-123.241924,2025-05-13T06:28:20.376396+00:00Z,3,14
Burrard Station (Melville & Dunsmuir),49.285871,-123.12105,2025-05-13T06:28:19.587271+00:00Z,7,21
22nd & Cambie,49.251358,-123.115637,2025-05-13T06:28:20.226206+00:00Z,1,12
Glen & Broadway,49.262242,-123.081459,2025-05-13T06:28:20.016341+00:00Z,10,8
Stanley Park - Totem Poles,49.298657,-123.121176,2025-05-13T06:28:19.790827+00:00Z,20,0
Davie & Beach,49.287528,-123.142139,2025-05-13T06:28:19.633523+00:00Z,0,30
Pender & Gore,49.280284,-123.097052,2025-05-13T06:28:19.957334+00:00Z,3,11
Richards & Davie,49.275683,-123.124388,2025-05-13T06:28:19.788708+00:00Z,2,9
Pender & Commercial,49.280332,-123.070068,2025-05-13T06:28:20.013646+00:00Z,7,9
18th & Cambie,49.254818,-123.114785,2025-05-13T06:28:20.226067+00:00Z,3,21
2nd & Commercial,49.268616,-123.069908,2025-05-13T06:28:20.015591+00:00Z,11,10
Wesbrook Village - Berton & Shrum,49.25478,-123.23621,2025-05-13T06:28:20.376703+00:00Z,21,4
Chilco & Robson,49.293257,-123.138563,2025-05-13T06:28:19.789632+00:00Z,9,11
Keefer & Columbia,49.279342,-123.101822,2025-05-13T06:28:19.741131+00:00Z,10,4
Rogers Tower,49.288682,-123.11818,2025-05-13T06:28:19.955869+00:00Z,3,14
Woodland & Graveley,49.270684,-123.073562,2025-05-13T06:28:20.016934+00:00Z,5,7
Cardero & Bayshore,49.291597,-123.129158,2025-05-13T06:28:19.955690+00:00Z,8,12
Nelson & Denman,49.2890705989865,-123.138407369468,2025-05-13T06:28:20.167777+00:00Z,13,5
8th & Fraser,49.263382,-123.088837,2025-05-13T06:28:20.018335+00:00Z,2,14
Spanish Banks East,49.27594,-123.21482,2025-05-13T06:28:20.262001+00:00Z,15,5
Balaclava & 6th,49.266924,-123.173849,2025-05-13T06:28:20.221465+00:00Z,6,9
Cambie & Water,49.284605,-123.108662,2025-05-13T06:28:19.740674+00:00Z,21,11
Helmcken & Burrard,49.279938,-123.127478,2025-05-13T06:28:19.646059+00:00Z,0,16
Hornby & Pender,49.28602,-123.116624,2025-05-13T06:28:19.623165+00:00Z,1,18
7th & Heather,49.265089,-123.119425,2025-05-13T06:28:19.788572+00:00Z,8,10
Union & Dunlevy,49.277595,-123.09583,2025-05-13T06:28:19.957193+00:00Z,16,0
Richards & Helmcken,49.277141,-123.122589,2025-05-13T06:28:19.886359+00:00Z,5,10
Keefer & Abbott,49.279821,-123.10802,2025-05-13T06:28:19.740829+00:00Z,13,14
8th & Prince Edward,49.263518,-123.09568,2025-05-13T06:28:20.018546+00:00Z,3,15
